{
    "coords": {
        "Node1": [
            306.14538811677113,
            356.58776721610707
        ],
        "Node10": [
            4110.005143007137,
            226.9107301175719
        ],
        "Node11": [
            4516.326525915882,
            237.71714987578312
        ],
        "Node12": [
            4892.389933501632,
            223.66880419010857
        ],
        "Node13": [
            5255.485637377529,
            191.24954491547476
        ],
        "Node134": [
            248.87136339825116,
            1199.4885083565857
        ],
        "Node14": [
            5647.758674600602,
            191.24954491547476
        ],
        "Node2": [
            753.5311661067178,
            232.3139399966775
        ],
        "Node202": [
            1483,
            769
        ],
        "Node203": [
            1879.0,
            773.0
        ],
        "Node204": [
            2249,
            762
        ],
        "Node205": [
            2568.0,
            748.0
        ],
        "Node206": [
            2951,
            778
        ],
        "Node3": [
            1165.2557588945667,
            345.7813474578958
        ],
        "Node31": [
            6025.983366137994,
            195.57211281875917
        ],
        "Node4": [
            1601.835117126302,
            215.02366838353947
        ],
        "Node5": [
            2028.688697575647,
            312.28144620744104
        ],
        "Node6": [
            2376.655413790049,
            286.34603878773373
        ],
        "Node64": [
            253.193931301536,
            789.9251995203789
        ],
        "Node65": [
            690.8539315090923,
            785.6026316170946
        ],
        "Node66": [
            1087.4495366354456,
            789.9251995203789
        ],
        "Node7": [
            2794.863858432825,
            298.23310052176635
        ],
        "Node8": [
            3254.1366981568053,
            244.20100173071
        ],
        "Node9": [
            3736.103019373028,
            269.05576717459587
        ]
    },
    "links": {
        "Node1": [
            "Node2"
        ],
        "Node10": [
            "Node9",
            "Node11"
        ],
        "Node11": [
            "Node10",
            "Node12"
        ],
        "Node12": [
            "Node11",
            "Node13"
        ],
        "Node13": [
            "Node12",
            "Node14"
        ],
        "Node134": [],
        "Node14": [
            "Node13",
            "Node31"
        ],
        "Node2": [
            "Node1",
            "Node3"
        ],
        "Node202": [
            "Node66",
            "Node203"
        ],
        "Node203": [
            "Node202",
            "Node204"
        ],
        "Node204": [
            "Node203",
            "Node205"
        ],
        "Node205": [
            "Node204",
            "Node206"
        ],
        "Node206": [
            "Node205"
        ],
        "Node3": [
            "Node2",
            "Node4"
        ],
        "Node31": [
            "Node14"
        ],
        "Node4": [
            "Node3",
            "Node5"
        ],
        "Node5": [
            "Node4",
            "Node6"
        ],
        "Node6": [
            "Node5",
            "Node7"
        ],
        "Node64": [
            "Node65"
        ],
        "Node65": [
            "Node64",
            "Node66"
        ],
        "Node66": [
            "Node65",
            "Node202"
        ],
        "Node7": [
            "Node6",
            "Node8"
        ],
        "Node8": [
            "Node7",
            "Node9"
        ],
        "Node9": [
            "Node8",
            "Node10"
        ]
    },
    "names": [
        "Tutorial"
    ],
    "nodes": {
        "Tutorial": [
            "Node4",
            "Node64",
            "Node13",
            "Node203",
            "Node5",
            "Node9",
            "Node8",
            "Node202",
            "Node204",
            "Node66",
            "Node10",
            "Node14",
            "Node6",
            "Node2",
            "Node134",
            "Node31",
            "Node1",
            "Node3",
            "Node65",
            "Node11",
            "Node205",
            "Node7",
            "Node12",
            "Node206"
        ]
    },
    "tags": {
        "Node1": [
            "start_tutorial",
            "comment",
            "space_exception"
        ],
        "Node10": [
            "comment_reply"
        ],
        "Node11": [
            "comment"
        ],
        "Node12": [
            "comment_reply"
        ],
        "Node13": [
            "comment"
        ],
        "Node134": [
            "busy",
            "start",
            "comment"
        ],
        "Node14": [
            "comment_reply",
            ""
        ],
        "Node2": [
            "comment_reply"
        ],
        "Node202": [
            "comment"
        ],
        "Node203": [
            "comment"
        ],
        "Node204": [
            "comment"
        ],
        "Node205": [
            "comment"
        ],
        "Node206": [
            "comment",
            "flag_tutorial_part3"
        ],
        "Node3": [
            "comment",
            "flag_spacebar_pressed"
        ],
        "Node31": [
            "comment",
            "flag_tutorial_part2"
        ],
        "Node4": [
            "comment_reply"
        ],
        "Node5": [
            "comment",
            "flag_tutorial_part1"
        ],
        "Node6": [
            "comment_reply"
        ],
        "Node64": [
            "start",
            "comment",
            "block_tutorial_part1"
        ],
        "Node65": [
            "comment"
        ],
        "Node66": [
            "comment"
        ],
        "Node7": [
            "comment"
        ],
        "Node8": [
            "comment_reply"
        ],
        "Node9": [
            "comment"
        ]
    },
    "text": {
        "Node1": "Did we... did we start?",
        "Node10": "I hope that doesn't sound boring to you.\n\nIt's honestly quite entertaining once you get into it, well... \nIn MY opinion anyway. Take that for what it's worth I guess.",
        "Node11": "Also... This is not a \"funny\" game.\n\nThis might seem funny, because you kinda caught me off guard, \nand I'm not used to this... \nBut no, the game is not like that really. \n\nIt's quite serious... oh and ADULT!",
        "Node12": "I mean... It's not like an adult game or anything...\n\nBut it contains some pretty adult themes, \nand is not appropriate for children, \nso you know.... trigger warning and all that.",
        "Node13": "Ok, that's about it. What else... No I think that's all...\n\nNo wait, I forgot...",
        "Node134": "Can't talk, busy right now.",
        "Node14": "Nice to meet you.\nMy name is Thack.",
        "Node2": "You need to press Spacebar to continue.",
        "Node202": "Speaking of which... I've got some books to read.",
        "Node203": "I don't have time to read all of them, one would do for now.\nBut you have to help me pick.",
        "Node204": "They are supposed to help me get better at conversations, \nand... you know... speaking to people. \nI guess I can be kind of shy...",
        "Node205": "I suppose it's something that might come in handy... who knows.",
        "Node206": "Anyway... Let's pick one.",
        "Node3": "Nice! Ok, here we go. Welcome to the Game!\nWow! I never really thought anyone would actually play this...",
        "Node31": "I want to tell you more, but, let's go to my room first.\nIts the door on the left there.\n\nAnd the only door that is going to work because... \nWell as I said... this is a tutorial.",
        "Node4": "Damn, this is wrong... sorry.\nI'm terrible at this.",
        "Node5": "Ok... This is the tutorial for the game. \nRight... tutorial... lets do this!",