{
    "coords": {
        "Node1": [
            306.14538811677113,
            356.58776721610707
        ],
        "Node10": [
            4110.005143007137,
            226.9107301175719
        ],
        "Node11": [
            4516.326525915882,
            237.71714987578312
        ],
        "Node12": [
            4892.389933501632,
            223.66880419010857
        ],
        "Node13": [
            5255.485637377529,
            191.24954491547476
        ],
        "Node134": [
            130,
            1450
        ],
        "Node14": [
            5647.758674600602,
            191.24954491547476
        ],
        "Node2": [
            753.5311661067178,
            232.3139399966775
        ],
        "Node202": [
            1483,
            769
        ],
        "Node203": [
            1879.0,
            773.0
        ],
        "Node204": [
            2249,
            762
        ],
        "Node205": [
            2568.0,
            748.0
        ],
        "Node206": [
            2951,
            778
        ],
        "Node274": [
            265,
            359
        ],
        "Node276": [
            816,
            15
        ],
        "Node277": [
            777,
            429
        ],
        "Node278": [
            801,
            860
        ],
        "Node279": [
            1232.0,
            -128.0
        ],
        "Node280": [
            1252.0,
            391.0
        ],
        "Node281": [
            1237.0,
            814.0
        ],
        "Node282": [
            1893,
            251
        ],
        "Node3": [
            1165.2557588945667,
            345.7813474578958
        ],
        "Node31": [
            6025.983366137994,
            195.57211281875917
        ],
        "Node4": [
            1601.835117126302,
            215.02366838353947
        ],
        "Node432": [
            663.0,
            1128.0
        ],
        "Node433": [
            1045.0,
            1120.0
        ],
        "Node434": [
            1374,
            1130
        ],
        "Node5": [
            2028.688697575647,
            312.28144620744104
        ],
        "Node584": [
            539.0,
            1458.0
        ],
        "Node6": [
            2376.655413790049,
            286.34603878773373
        ],
        "Node64": [
            253.193931301536,
            789.9251995203789
        ],
        "Node65": [
            690.8539315090923,
            785.6026316170946
        ],
        "Node66": [
            1087.4495366354456,
            789.9251995203789
        ],
        "Node7": [
            2794.863858432825,
            298.23310052176635
        ],
        "Node8": [
            3254.1366981568053,
            244.20100173071
        ],
        "Node9": [
            3736.103019373028,
            269.05576717459587
        ]
    },
    "links": {
        "Node1": [
            "Node2"
        ],
        "Node10": [
            "Node9",
            "Node11"
        ],
        "Node11": [
            "Node10",
            "Node12"
        ],
        "Node12": [
            "Node11",
            "Node13"
        ],
        "Node13": [
            "Node12",
            "Node14"
        ],
        "Node134": [
            "Node584"
        ],
        "Node14": [
            "Node13",
            "Node31"
        ],
        "Node2": [
            "Node1",
            "Node3"
        ],
        "Node202": [
            "Node66",
            "Node203"
        ],
        "Node203": [
            "Node202",
            "Node204"
        ],
        "Node204": [
            "Node203",
            "Node205"
        ],
        "Node205": [
            "Node204",
            "Node206"
        ],
        "Node206": [
            "Node205"
        ],
        "Node274": [
            "Node276",
            "Node277",
            "Node278"
        ],
        "Node276": [
            "Node274",
            "Node279"
        ],
        "Node277": [
            "Node274",
            "Node280"
        ],
        "Node278": [
            "Node274",
            "Node281"
        ],
        "Node279": [
            "Node276",
            "Node282"
        ],
        "Node280": [
            "Node277",
            "Node282"
        ],
        "Node281": [
            "Node278",
            "Node282"
        ],
        "Node282": [
            "Node279",
            "Node280",
            "Node281"
        ],
        "Node3": [
            "Node2",
            "Node4"
        ],
        "Node31": [
            "Node14"
        ],
        "Node4": [
            "Node3",
            "Node5"
        ],
        "Node432": [],
        "Node433": [],
        "Node434": [],
        "Node5": [
            "Node4",
            "Node6"
        ],
        "Node584": [
            "Node134"
        ],
        "Node6": [
            "Node5",
            "Node7"
        ],
        "Node64": [
            "Node65"
        ],
        "Node65": [
            "Node64",
            "Node66"
        ],
        "Node66": [
            "Node65",
            "Node202"
        ],
        "Node7": [
            "Node6",
            "Node8"
        ],
        "Node8": [
            "Node7",
            "Node9"
        ],
        "Node9": [
            "Node8",
            "Node10"
        ]
    },
    "names": [
        "Tutorial",
        "Djonsiscus"
    ],
    "nodes": {
        "Djonsiscus": [
            "Node274",
            "Node276",
            "Node277",
            "Node278",
            "Node279",
            "Node280",
            "Node281",
            "Node282"
        ],
        "Tutorial": [
            "Node4",
            "Node64",
            "Node13",
            "Node203",
            "Node5",
            "Node9",
            "Node8",
            "Node202",
            "Node204",
            "Node66",
            "Node10",
            "Node14",
            "Node6",
            "Node2",
            "Node134",
            "Node31",
            "Node1",
            "Node3",
            "Node65",
            "Node11",
            "Node205",
            "Node7",
            "Node12",
            "Node206",
            "Node432",
            "Node433",
            "Node434",
            "Node584"
        ]
    },
    "tags": {
        "Node1": [
            "start",
            "comment",
            "space_exception",
            "block_tutorial_part1"
        ],
        "Node10": [
            "comment_reply"
        ],
        "Node11": [
            "comment"
        ],
        "Node12": [
            "comment_reply"
        ],
        "Node13": [
            "comment"
        ],
        "Node134": [
            "busy",
            "start",
            "comment"
        ],
        "Node14": [
            "comment_reply",
            ""
        ],
        "Node2": [
            "comment_reply"
        ],
        "Node202": [
            "comment"
        ],
        "Node203": [
            "comment"
        ],
        "Node204": [
            "comment"
        ],
        "Node205": [
            "comment"
        ],
        "Node206": [
            "comment",
            "flag_tutorial_part3"
        ],
        "Node274": [
            "greeting",
            "block_tutorial_part4"
        ],
        "Node276": [
            "question",
            "block_book_joker"
        ],
        "Node277": [
            "question",
            "block_book_lover"
        ],
        "Node278": [
            "question",
            "block_book_liar"
        ],
        "Node279": [
            "answer"
        ],
        "Node280": [
            "answer"
        ],
        "Node281": [
            "answer"
        ],
        "Node282": [
            "answer",
            "flag_tutorial_part5"
        ],
        "Node3": [
            "comment",
            "flag_spacebar_pressed"
        ],
        "Node31": [
            "comment",
            "flag_tutorial_part2"
        ],